id,first_name,last_name,email,gender,ip_address
1,Rodolphe,Hannabus,rhannabus0@ibm.com,Polygender,201.86.166.113
2,Jourdan,Seivwright,jseivwright1@irs.gov,Female,151.201.232.138
3,Oliver,McQuorkell,omcquorkell2@google.com,Male,229.38.217.227
4,Jaime,Sawyer,jsawyer3@hubpages.com,Male,19.97.248.192
5,Weylin,Yacob,wyacob4@lulu.com,Male,158.151.187.150
6,Natala,Inns,ninns5@blogspot.com,Female,42.228.220.95
7,Starlin,Deble,sdeble6@house.gov,Female,142.72.1.222
8,Ethelyn,Urian,eurian7@webeden.co.uk,Female,107.189.10.79
9,Alicea,Corneck,acorneck8@vk.com,Female,96.65.235.73
10,Raff,Lidgertwood,rlidgertwood9@microsoft.com,Male,158.244.63.94
11,Antone,Durno,adurnoa@gmpg.org,Male,34.209.65.78
12,Abran,Loy,aloyb@gizmodo.com,Male,9.245.196.102
13,Hildy,Rignoldes,hrignoldesc@gnu.org,Female,126.117.121.237
14,Papageno,Tatnell,ptatnelld@dailymotion.com,Male,94.218.188.210
15,Dacey,Shaddock,dshaddocke@who.int,Genderqueer,134.179.74.219
16,Aaron,Wordington,awordingtonf@list-manage.com,Male,178.38.91.205
17,Mic,Hayton,mhaytong@bigcartel.com,Male,218.145.97.243
18,Bealle,Smullin,bsmullinh@npr.org,Non-binary,139.112.46.14
19,Micheil,Waddie,mwaddiei@google.com,Male,1.222.140.186
20,Ibbie,Pioch,ipiochj@bbc.co.uk,Female,24.184.21.125
21,Sandie,Ewan,sewank@google.co.uk,Female,121.235.58.46
22,Vaughan,Wapple,vwapplel@pen.io,Male,15.64.61.56
23,Jean,Ismail,jismailm@accuweather.com,Agender,63.122.19.213
24,Miguela,Hawkeridge,mhawkeridgen@huffingtonpost.com,Agender,174.31.159.137
25,Frazer,Royston,froystono@google.ca,Non-binary,68.53.222.77
26,Lois,Hoys,lhoysp@yale.edu,Female,129.115.69.50
27,Loutitia,Padfield,lpadfieldq@house.gov,Female,194.105.232.237
28,Daryle,Yakubovich,dyakubovichr@independent.co.uk,Genderqueer,203.15.42.21
29,Charlie,Glasscock,cglasscocks@howstuffworks.com,Genderqueer,21.163.233.163
30,Ashlee,Arnison,aarnisont@upenn.edu,Female,9.159.159.51
31,Rasla,Chicchelli,rchicchelliu@com.com,Genderqueer,50.119.199.211
32,Erny,Breeze,ebreezev@weibo.com,Male,148.45.126.254
33,Nari,Favel,nfavelw@usa.gov,Bigender,61.85.194.241
34,Fletch,Vaughn,fvaughnx@liveinternet.ru,Male,81.242.221.104
35,Base,Cahalan,bcahalany@yelp.com,Male,45.243.62.69
36,Jeanie,Jansen,jjansenz@amazon.com,Female,126.19.21.59
37,Florie,O'Carran,focarran10@cmu.edu,Female,50.195.224.121
38,Matti,Boreham,mboreham11@bravesites.com,Female,26.90.196.54
39,Karalee,Merchant,kmerchant12@etsy.com,Female,99.172.207.44
40,Shay,Punchard,spunchard13@blog.com,Female,239.235.248.220
41,Amye,Cleveland,acleveland14@psu.edu,Genderqueer,186.129.117.229
42,Peter,Goadsby,pgoadsby15@barnesandnoble.com,Male,48.186.88.152
43,Ursa,Bartels,ubartels16@tamu.edu,Female,128.114.7.238
44,Abba,Skillanders,askillanders17@wordpress.com,Male,215.178.48.111
45,Godart,Dunhill,gdunhill18@imageshack.us,Male,55.71.248.147
46,Elsy,Darling,edarling19@instagram.com,Female,64.135.113.24
47,Ivette,Slowgrove,islowgrove1a@gov.uk,Bigender,47.197.153.105
48,Petunia,Brickstock,pbrickstock1b@nationalgeographic.com,Female,163.78.217.211
49,Georgia,Scraggs,gscraggs1c@sfgate.com,Female,175.62.114.85
50,Gustavo,Feedome,gfeedome1d@yahoo.com,Male,202.71.222.110
51,Ottilie,Chaytor,ochaytor1e@usda.gov,Female,138.211.191.41
52,Sherie,Elijah,selijah1f@flavors.me,Female,115.196.61.105
53,Berny,Pleasaunce,bpleasaunce1g@123-reg.co.uk,Male,71.130.145.143
54,Tomasina,Rosberg,trosberg1h@constantcontact.com,Female,30.14.13.153
55,Nikaniki,Elfes,nelfes1i@amazon.co.uk,Female,166.129.145.14
56,Lenci,Marciskewski,lmarciskewski1j@accuweather.com,Male,167.120.151.51
57,Seka,Gauler,sgauler1k@quantcast.com,Female,130.66.155.164
58,Roddie,Cudd,rcudd1l@biglobe.ne.jp,Male,90.77.185.235
59,Jenine,Willingale,jwillingale1m@miitbeian.gov.cn,Female,119.244.70.172
60,Colas,Whitchurch,cwhitchurch1n@hp.com,Male,172.241.142.223
61,Banky,Bowstead,bbowstead1o@cocolog-nifty.com,Male,90.60.49.165
62,Mallory,Orcas,morcas1p@amazon.com,Male,183.215.185.135
63,Nicolis,Sillett,nsillett1q@umn.edu,Male,15.212.143.17
64,Nancee,Hebard,nhebard1r@omniture.com,Female,11.113.145.153
65,Mandel,Lowell,mlowell1s@who.int,Male,60.24.241.98
66,Bruno,Elsip,belsip1t@youtube.com,Polygender,194.58.75.51
67,Myrah,Hadgraft,mhadgraft1u@timesonline.co.uk,Female,222.106.59.60
68,Bald,Casbolt,bcasbolt1v@cnn.com,Male,234.162.58.102
69,Emmy,Coopland,ecoopland1w@indiatimes.com,Male,66.219.8.95
70,Dode,Lynagh,dlynagh1x@sogou.com,Female,63.112.72.45
71,Leonelle,Smouten,lsmouten1y@baidu.com,Non-binary,155.28.191.192
72,Saundra,Tuckwood,stuckwood1z@constantcontact.com,Male,127.33.15.215
73,Fremont,Parlot,fparlot20@goo.ne.jp,Male,46.213.28.69
74,Leandra,Palffrey,lpalffrey21@tamu.edu,Female,112.181.163.47
75,Bondon,Giercke,bgiercke22@bloglovin.com,Male,170.170.54.13
76,Kain,McLeary,kmcleary23@whitehouse.gov,Male,37.17.160.165
77,Brook,Santo,bsanto24@blogs.com,Male,96.144.250.109
78,Chelsie,Riolfo,criolfo25@360.cn,Non-binary,243.150.56.201
79,Zonda,Davidof,zdavidof26@economist.com,Female,24.170.227.233
80,Jobina,Foyster,jfoyster27@nhs.uk,Female,165.106.4.54
81,Esme,Panyer,epanyer28@hhs.gov,Female,220.6.113.117
82,Jarrod,Leguay,jleguay29@wsj.com,Male,144.190.170.113
83,Darsie,Warton,dwarton2a@hud.gov,Female,211.198.222.18
84,Kirsti,Aggas,kaggas2b@cargocollective.com,Female,178.174.114.117
85,Brandon,Winslett,bwinslett2c@biblegateway.com,Male,191.116.248.168
86,Lynnett,De Hooge,ldehooge2d@printfriendly.com,Bigender,42.241.159.108
87,Jammal,Pollard,jpollard2e@shutterfly.com,Male,24.169.232.7
88,Shaun,Gaskins,sgaskins2f@ed.gov,Female,127.89.158.60
89,Bartram,Seton,bseton2g@de.vu,Male,136.240.164.148
90,Marinna,Gatland,mgatland2h@goo.gl,Female,249.91.165.78
91,Wenonah,Hebbs,whebbs2i@irs.gov,Female,84.163.241.94
92,Kitty,Barbe,kbarbe2j@alexa.com,Female,53.160.52.179
93,Antonella,Scardafield,ascardafield2k@aol.com,Female,172.7.64.10
94,Land,Stovold,lstovold2l@jigsy.com,Genderqueer,149.248.171.139
95,Vern,Bellhouse,vbellhouse2m@ucoz.com,Male,3.114.141.17
96,Fowler,Obern,fobern2n@nsw.gov.au,Male,136.235.212.53
97,Doralynn,Lett,dlett2o@theglobeandmail.com,Female,117.15.87.110
98,Waite,Dickinson,wdickinson2p@usatoday.com,Male,127.5.243.141
99,Parry,Akaster,pakaster2q@amazon.com,Male,80.226.88.235
100,Tomaso,Verdy,tverdy2r@constantcontact.com,Male,210.126.153.161
101,Rycca,Binge,rbinge2s@dailymotion.com,Female,37.46.226.182
102,Johnathan,Dunan,jdunan2t@ted.com,Male,231.28.14.118
103,Jannel,Crummay,jcrummay2u@sitemeter.com,Female,241.151.153.229
104,Carrol,Cruden,ccruden2v@linkedin.com,Male,34.220.73.142
105,Valera,Gateland,vgateland2w@gnu.org,Female,223.130.97.177
106,Beverly,Eyre,beyre2x@jimdo.com,Female,15.116.66.170
107,Granville,Jehan,gjehan2y@netvibes.com,Male,149.216.203.247
108,Corette,Andrysek,candrysek2z@miitbeian.gov.cn,Female,148.83.145.10
109,Hershel,Bushen,hbushen30@squarespace.com,Male,253.40.93.229
110,Sean,Copyn,scopyn31@hubpages.com,Male,118.128.161.66
111,Frederico,Shields,fshields32@pagesperso-orange.fr,Bigender,0.168.139.171
112,Angeline,Choudhury,achoudhury33@ustream.tv,Female,189.39.24.199
113,Erin,Filippo,efilippo34@vimeo.com,Female,51.15.148.151
114,Tessie,Climo,tclimo35@freewebs.com,Female,2.41.122.200
115,Steven,O'Sheeryne,sosheeryne36@people.com.cn,Male,59.141.211.113
116,Mattheus,Vanyutin,mvanyutin37@360.cn,Male,123.182.144.50
117,Derby,Leppard,dleppard38@ovh.net,Male,83.82.217.54
118,Merle,Upcott,mupcott39@phoca.cz,Genderfluid,195.40.35.102
119,Feliks,Swannack,fswannack3a@howstuffworks.com,Male,95.128.136.183
120,Lexy,Ballsdon,lballsdon3b@quantcast.com,Female,72.106.138.29
121,Nowell,Luddy,nluddy3c@telegraph.co.uk,Male,26.155.218.171
122,Jeffy,Stivani,jstivani3d@blogspot.com,Male,103.19.43.43
123,Mariejeanne,Mustarde,mmustarde3e@ox.ac.uk,Agender,150.7.19.120
124,Sollie,Plumbe,splumbe3f@businessinsider.com,Non-binary,84.70.22.93
125,Seana,Bremond,sbremond3g@whitehouse.gov,Female,170.32.236.165
126,Odell,Vell,ovell3h@ted.com,Male,65.220.71.23
127,Domingo,Dubs,ddubs3i@shop-pro.jp,Male,48.198.40.80
128,Edeline,Handscombe,ehandscombe3j@creativecommons.org,Female,14.44.193.128
129,Miner,McCullock,mmccullock3k@apache.org,Male,9.36.21.198
130,Krisha,Haigh,khaigh3l@wikipedia.org,Male,210.250.95.65
131,Arte,Arnet,aarnet3m@google.pl,Male,51.238.234.194
132,Diana,MacDunlevy,dmacdunlevy3n@csmonitor.com,Female,102.151.68.168
133,Janeen,Gillham,jgillham3o@nasa.gov,Female,236.212.24.235
134,Ellette,Beinisch,ebeinisch3p@artisteer.com,Female,134.82.167.23
135,Bartram,Sacchetti,bsacchetti3q@cisco.com,Male,196.165.236.192
136,Marv,Boydle,mboydle3r@webmd.com,Male,244.64.35.142
137,Trudy,Duester,tduester3s@google.cn,Female,187.251.240.149
138,Ignatius,Yemm,iyemm3t@pinterest.com,Male,188.5.68.138
139,Avivah,Orr,aorr3u@nationalgeographic.com,Female,214.15.181.78
140,Andie,Matthewes,amatthewes3v@networksolutions.com,Genderfluid,97.42.18.171
141,Clair,Howson,chowson3w@histats.com,Female,44.173.44.105
142,Nerte,Devinn,ndevinn3x@loc.gov,Female,169.137.19.196
143,Dorella,Lenden,dlenden3y@senate.gov,Female,127.185.17.170
144,Bernie,Pauls,bpauls3z@theguardian.com,Female,15.147.74.137
145,Edwina,Harrald,eharrald40@unc.edu,Female,77.49.250.241
146,Margret,Mulcahy,mmulcahy41@kickstarter.com,Female,210.209.159.27
147,Horatio,Alebrooke,halebrooke42@amazon.co.jp,Male,242.45.35.16
148,Julieta,Moscone,jmoscone43@miitbeian.gov.cn,Female,109.206.85.122
149,Raymund,Brosenius,rbrosenius44@godaddy.com,Male,131.162.80.212
150,Cyrus,Watt,cwatt45@goo.ne.jp,Male,4.254.217.204
151,Rochell,Kornilov,rkornilov46@lulu.com,Female,150.31.128.252
152,Jarrod,Halfacree,jhalfacree47@themeforest.net,Male,78.110.234.188
153,Gabriela,Izkovitch,gizkovitch48@ycombinator.com,Female,103.219.211.133
154,Gothart,Brunsen,gbrunsen49@redcross.org,Male,60.210.223.208
155,Nonna,Varsey,nvarsey4a@deliciousdays.com,Female,65.0.209.154
156,Stillmann,Russel,srussel4b@time.com,Male,16.180.228.81
157,Batholomew,Heigl,bheigl4c@sciencedirect.com,Male,44.54.217.168
158,Angelique,Maffione,amaffione4d@ovh.net,Female,170.162.177.111
159,Bambie,Swiggs,bswiggs4e@thetimes.co.uk,Female,30.247.62.30
160,Timothy,Peel,tpeel4f@last.fm,Male,128.164.61.138
161,Agathe,Beautyman,abeautyman4g@ihg.com,Female,64.61.175.168
162,Maryrose,Fears,mfears4h@sogou.com,Female,52.52.63.171
163,Bunny,Knighton,bknighton4i@acquirethisname.com,Female,188.122.48.5
164,Doll,Asker,dasker4j@facebook.com,Female,205.229.208.118
165,Lisha,Skayman,lskayman4k@sfgate.com,Female,231.199.16.143
166,Bruis,Talmadge,btalmadge4l@marriott.com,Male,162.4.158.138
167,Donaugh,Skoyles,dskoyles4m@arstechnica.com,Male,76.135.182.108
168,Gabriellia,Filipychev,gfilipychev4n@washington.edu,Female,98.54.248.227
169,Halsy,Meardon,hmeardon4o@deliciousdays.com,Male,98.80.54.97
170,Erinn,MacSkeaghan,emacskeaghan4p@sciencedirect.com,Female,199.67.19.30
171,Myrtle,Dray,mdray4q@fc2.com,Female,188.15.87.201
172,Miriam,Hilland,mhilland4r@adobe.com,Female,150.8.234.194
173,Dorene,Glacken,dglacken4s@exblog.jp,Non-binary,50.192.207.179
174,Lavena,Walding,lwalding4t@hhs.gov,Female,191.61.226.142
175,Johannah,Carslaw,jcarslaw4u@redcross.org,Female,127.72.231.13
176,Starla,Polon,spolon4v@sphinn.com,Female,235.248.115.85
177,Calida,Foynes,cfoynes4w@uiuc.edu,Female,230.140.175.115
178,Allianora,Sandal,asandal4x@virginia.edu,Female,219.11.10.36
179,Krystalle,Warrener,kwarrener4y@ebay.com,Genderqueer,239.121.217.200
180,Bessie,Bryceson,bbryceson4z@mapy.cz,Female,224.174.194.96
181,Keri,Woollcott,kwoollcott50@hud.gov,Female,36.61.19.35
182,Earle,Askam,easkam51@1688.com,Male,218.99.197.155
183,Magdalen,McVie,mmcvie52@google.it,Female,162.226.229.133
184,Cleon,Swallow,cswallow53@i2i.jp,Male,150.105.240.62
185,Petronilla,Iwanowicz,piwanowicz54@wikipedia.org,Female,51.105.232.142
186,Catherine,Reynard,creynard55@google.de,Female,203.187.178.27
187,Sheilah,Aberdeen,saberdeen56@godaddy.com,Female,229.194.243.243
188,Jonathan,Lyddon,jlyddon57@noaa.gov,Bigender,64.174.222.124
189,Amie,Serrell,aserrell58@uiuc.edu,Female,251.216.177.136
190,Garner,Hansel,ghansel59@lycos.com,Male,47.225.195.46
191,Mattie,Guilloux,mguilloux5a@gravatar.com,Female,130.162.232.102
192,Del,Aizikowitz,daizikowitz5b@163.com,Male,229.203.114.196
193,Malena,Clements,mclements5c@zdnet.com,Female,234.74.93.195
194,Jeniffer,Allworthy,jallworthy5d@paginegialle.it,Polygender,132.25.208.81
195,Remington,Lilbourne,rlilbourne5e@ameblo.jp,Male,148.142.233.55
196,Harri,Tieraney,htieraney5f@unesco.org,Female,93.104.101.185
197,Stacie,Yushachkov,syushachkov5g@gizmodo.com,Genderqueer,143.51.24.30
198,Lorenza,Landsman,llandsman5h@eventbrite.com,Female,188.184.21.27
199,Gannie,Petford,gpetford5i@imageshack.us,Male,35.162.173.158
200,Jessamyn,Aldis,jaldis5j@uol.com.br,Female,137.139.210.77
201,Ruprecht,Banbrick,rbanbrick5k@wikia.com,Male,176.66.211.230
202,Warden,Menego,wmenego5l@seattletimes.com,Agender,47.149.180.29
203,Barb,Martusewicz,bmartusewicz5m@disqus.com,Female,79.250.164.244
204,Zed,Sutch,zsutch5n@lulu.com,Male,45.169.180.236
205,Napoleon,Taylot,ntaylot5o@barnesandnoble.com,Male,68.207.53.16
206,Riley,Gobert,rgobert5p@woothemes.com,Male,28.15.220.68
207,Sydney,Vinau,svinau5q@php.net,Female,17.131.237.165
208,Julie,Petrello,jpetrello5r@un.org,Female,233.192.40.246
209,Engracia,Egginson,eegginson5s@vk.com,Agender,94.32.16.132
210,Jaime,Jessop,jjessop5t@sourceforge.net,Male,145.183.248.27
211,Eydie,Oakenfall,eoakenfall5u@washington.edu,Bigender,31.117.32.44
212,Cahra,Vlasenkov,cvlasenkov5v@goodreads.com,Female,40.107.179.11
213,Monte,Eccott,meccott5w@amazon.com,Male,215.185.104.20
214,Dael,Cleverley,dcleverley5x@wix.com,Female,248.160.88.226
215,Kacy,Beaford,kbeaford5y@tmall.com,Female,236.21.65.125
216,Issy,Pinckard,ipinckard5z@house.gov,Female,155.11.55.176
217,Mal,Turrill,mturrill60@ebay.com,Male,53.116.212.158
218,Marlo,Oxley,moxley61@huffingtonpost.com,Female,51.82.62.217
219,Corbett,Ashwell,cashwell62@reverbnation.com,Male,102.190.80.20
220,Rainer,Ambrodi,rambrodi63@china.com.cn,Male,198.53.51.242
221,Lanny,Yakov,lyakov64@bbb.org,Male,112.227.3.179
222,Kerry,Tewkesberrie,ktewkesberrie65@twitter.com,Male,58.120.197.25
223,Randee,Buttress,rbuttress66@webmd.com,Female,123.217.139.144
224,Gavin,Cotterrill,gcotterrill67@google.ru,Male,42.103.249.174
225,Laurie,Farnin,lfarnin68@ustream.tv,Male,161.29.150.66
226,Cati,Lossman,clossman69@bloomberg.com,Female,163.64.221.198
227,Ilka,Scrooby,iscrooby6a@senate.gov,Female,17.28.146.61
228,Emilio,Shavel,eshavel6b@geocities.jp,Male,11.204.45.51
229,Cati,De Carlo,cdecarlo6c@typepad.com,Female,203.172.46.232
230,Meredeth,Hazlewood,mhazlewood6d@amazon.co.jp,Male,236.58.122.228
231,Halley,Houseago,hhouseago6e@liveinternet.ru,Agender,239.60.237.11
232,Christy,Zanitti,czanitti6f@skyrock.com,Female,155.130.244.51
233,Karlee,Postle,kpostle6g@netscape.com,Female,49.240.61.184
234,Paige,Eva,peva6h@elegantthemes.com,Female,202.247.109.199
235,Frasco,Yarnell,fyarnell6i@samsung.com,Male,161.169.59.82
236,Costanza,Clausson,cclausson6j@bing.com,Female,0.254.22.240
237,Maureen,O'Connell,moconnell6k@wiley.com,Female,245.150.7.167
238,Omero,Swiers,oswiers6l@qq.com,Male,135.123.43.145
239,Clementius,Peres,cperes6m@cloudflare.com,Male,111.80.219.146
240,Georgiana,Dunkerley,gdunkerley6n@rambler.ru,Female,58.67.95.173
241,Goran,Sarfas,gsarfas6o@joomla.org,Male,27.30.57.63
242,Raimundo,Goodsall,rgoodsall6p@nps.gov,Male,253.35.37.194
243,Yelena,Andriulis,yandriulis6q@mozilla.com,Female,72.141.149.30
244,Andris,Velareal,avelareal6r@cyberchimps.com,Male,109.52.77.233
245,Ferdinanda,Danielkiewicz,fdanielkiewicz6s@google.co.jp,Female,211.21.25.120
246,Meggie,Kidds,mkidds6t@1und1.de,Female,30.161.64.183
247,Derrik,Dupree,ddupree6u@list-manage.com,Male,188.165.68.18
248,Vinnie,De Vere,vdevere6v@yellowbook.com,Female,12.68.224.152
249,Aura,Bradfield,abradfield6w@feedburner.com,Female,243.133.186.72
250,Tuckie,Pettet,tpettet6x@spotify.com,Male,152.114.53.164
251,Obie,MacDunlevy,omacdunlevy6y@skype.com,Male,127.11.222.78
252,Heindrick,Beveridge,hbeveridge6z@yolasite.com,Male,223.194.201.206
253,Angelico,Lympenie,alympenie70@feedburner.com,Male,153.56.189.130
254,Hasty,McClinton,hmcclinton71@gmpg.org,Male,159.115.180.16
255,Aubert,Filipchikov,afilipchikov72@accuweather.com,Male,127.176.169.25
256,Isahella,Oxby,ioxby73@phpbb.com,Female,228.198.40.239
257,La verne,Phillipson,lphillipson74@people.com.cn,Female,168.221.156.131
258,Ingrid,Locker,ilocker75@wix.com,Female,223.104.15.10
259,Dalia,Silman,dsilman76@wunderground.com,Female,154.121.156.161
260,Kendricks,Frostdick,kfrostdick77@auda.org.au,Male,84.23.145.0
261,Colman,Pinel,cpinel78@plala.or.jp,Male,173.29.205.108
262,Warde,Markwell,wmarkwell79@ehow.com,Male,161.106.144.52
263,Ole,Nesbitt,onesbitt7a@blog.com,Male,131.34.237.22
264,Ardelia,Simenel,asimenel7b@canalblog.com,Female,180.155.22.176
265,Lisbeth,Dei,ldei7c@umn.edu,Female,46.77.59.143
266,Jeanelle,Bagnell,jbagnell7d@wp.com,Female,211.116.228.114
267,Cicily,Pearde,cpearde7e@comcast.net,Female,29.99.151.208
268,Jami,Cottam,jcottam7f@shop-pro.jp,Bigender,174.89.27.47
269,Kile,Froome,kfroome7g@gmpg.org,Male,236.194.116.56
270,Johnathon,Worthing,jworthing7h@multiply.com,Male,204.209.125.225
271,Barnett,Kingswoode,bkingswoode7i@squarespace.com,Genderfluid,70.231.117.2
272,Angie,Routhorn,arouthorn7j@github.com,Female,235.61.2.246
273,Nixie,Fessions,nfessions7k@yelp.com,Genderfluid,255.40.93.133
274,Dolly,Duignan,dduignan7l@posterous.com,Female,172.145.230.156
275,Chiarra,Leigh,cleigh7m@guardian.co.uk,Female,168.149.95.205
276,Olva,Creswell,ocreswell7n@pbs.org,Female,63.93.35.161
277,Thayne,Lindley,tlindley7o@biglobe.ne.jp,Male,193.38.110.248
278,Marijn,Tanser,mtanser7p@sohu.com,Male,184.156.111.26
279,Armin,Ravilious,aravilious7q@time.com,Polygender,73.67.107.222
280,Gael,Copsey,gcopsey7r@about.com,Female,181.64.17.143
281,Paco,Domenici,pdomenici7s@alexa.com,Male,205.200.125.34
282,Coralie,Freckingham,cfreckingham7t@cornell.edu,Female,56.215.75.104
283,Burt,Gullis,bgullis7u@auda.org.au,Male,184.200.164.145
284,Devonna,Steet,dsteet7v@google.ca,Female,48.224.97.133
285,Hugh,Ramsdell,hramsdell7w@slate.com,Male,247.146.19.168
286,Diannne,Stranio,dstranio7x@stanford.edu,Female,81.107.205.15
287,Kelley,Fayter,kfayter7y@dyndns.org,Male,45.55.112.248
288,Marnie,Curness,mcurness7z@dot.gov,Female,5.230.33.162
289,Cheston,Eefting,ceefting80@clickbank.net,Male,90.116.28.208
290,Jere,McFetrich,jmcfetrich81@rambler.ru,Male,90.134.106.183
291,Rosamund,Billingsley,rbillingsley82@github.com,Female,49.214.235.208
292,Isador,Lehon,ilehon83@springer.com,Agender,88.10.86.208
293,Edmon,Summerson,esummerson84@stanford.edu,Male,149.152.78.244
294,Henka,Davydenko,hdavydenko85@jugem.jp,Female,135.73.61.110
295,Dunn,Haberjam,dhaberjam86@deliciousdays.com,Male,248.204.203.179
296,Esme,Ilsley,eilsley87@i2i.jp,Female,108.175.233.32
297,Lincoln,Reimer,lreimer88@gov.uk,Male,150.189.113.13
298,Winonah,Danilovic,wdanilovic89@google.com.br,Female,76.47.234.119
299,Tonie,Priddey,tpriddey8a@example.com,Female,79.68.140.241
300,Venus,Baylis,vbaylis8b@xinhuanet.com,Female,147.202.21.59
301,Ogden,Malicki,omalicki8c@aol.com,Male,123.127.235.9
302,Gherardo,Speeding,gspeeding8d@sourceforge.net,Male,15.178.38.35
303,Robbert,Dace,rdace8e@google.de,Male,168.92.97.175
304,Boniface,Brister,bbrister8f@flavors.me,Male,127.163.26.36
305,Demeter,Davidowsky,ddavidowsky8g@bizjournals.com,Female,73.171.169.109
306,Loreen,Duffitt,lduffitt8h@google.cn,Female,43.53.33.65
307,Ami,Burns,aburns8i@ocn.ne.jp,Female,236.250.131.171
308,Birch,Bezley,bbezley8j@un.org,Male,126.17.71.58
309,Carny,Sussems,csussems8k@nbcnews.com,Male,89.244.2.104
310,Cleavland,Faers,cfaers8l@vimeo.com,Male,232.226.220.148
311,Germana,Gynne,ggynne8m@blinklist.com,Female,142.138.135.176
312,Clarance,Elias,celias8n@sakura.ne.jp,Male,37.219.158.221
313,Van,Flintiff,vflintiff8o@berkeley.edu,Male,47.252.173.84
314,Justina,Corthes,jcorthes8p@comsenz.com,Female,76.74.104.80
315,Damara,Geggie,dgeggie8q@google.com,Female,129.68.0.41
316,Raychel,Cleeve,rcleeve8r@unc.edu,Female,220.184.133.56
317,Malchy,Strotone,mstrotone8s@gizmodo.com,Male,70.93.179.212
318,Noel,Evill,nevill8t@yandex.ru,Male,243.96.158.78
319,Nikolas,Petriello,npetriello8u@marriott.com,Male,243.93.33.67
320,Michelle,Dene,mdene8v@rambler.ru,Female,33.54.7.13
321,Devonna,Aspy,daspy8w@live.com,Agender,64.31.58.96
322,Wiatt,Cornhill,wcornhill8x@smugmug.com,Male,4.149.235.231
323,Gretta,Houlden,ghoulden8y@opera.com,Female,228.76.83.152
324,Temp,Winder,twinder8z@jigsy.com,Male,192.81.32.242
325,Maurizio,Bodleigh,mbodleigh90@google.pl,Male,206.178.200.138
326,Darb,Parnaby,dparnaby91@mapquest.com,Male,189.166.235.74
327,Leighton,De Ruggiero,lderuggiero92@techcrunch.com,Male,108.108.146.110
328,Beverie,Withrop,bwithrop93@friendfeed.com,Non-binary,222.34.122.86
329,Sherry,Newell,snewell94@cbsnews.com,Female,211.34.33.186
330,Rogerio,Ruby,rruby95@typepad.com,Male,130.57.63.34
331,Allyn,Frammingham,aframmingham96@4shared.com,Male,150.68.255.223
332,Chlo,Hudspith,chudspith97@yellowbook.com,Polygender,78.248.67.166
333,Ola,Rotlauf,orotlauf98@cpanel.net,Female,149.207.68.246
334,Sallie,Reeks,sreeks99@indiegogo.com,Female,106.91.242.17
335,Ganny,Chetham,gchetham9a@nytimes.com,Male,111.224.35.65
336,Artus,Camilleri,acamilleri9b@cyberchimps.com,Male,141.160.45.115
337,Ogdan,Bolt,obolt9c@paginegialle.it,Male,117.149.134.23
338,Allison,Hickisson,ahickisson9d@census.gov,Female,208.80.191.114
339,Corrie,Leuty,cleuty9e@earthlink.net,Female,109.41.166.159
340,Arlie,Lambertini,alambertini9f@phpbb.com,Female,149.98.185.248
341,Rikki,Jerger,rjerger9g@wikispaces.com,Male,67.8.32.96
342,Baxter,Panner,bpanner9h@psu.edu,Male,159.49.186.217
343,Vivien,M'Quhan,vmquhan9i@theglobeandmail.com,Female,181.120.133.44
344,Harald,Luckes,hluckes9j@xrea.com,Genderfluid,213.123.183.173
345,Dee dee,Tapscott,dtapscott9k@networkadvertising.org,Female,160.92.139.158
346,Benyamin,Matuska,bmatuska9l@psu.edu,Male,153.175.73.222
347,Talbert,Cazin,tcazin9m@intel.com,Genderqueer,251.110.112.255
348,Basilio,Piris,bpiris9n@reuters.com,Male,226.154.239.139
349,Barrett,Tate,btate9o@lulu.com,Male,39.161.164.36
350,Anneliese,Newcomen,anewcomen9p@blogtalkradio.com,Female,209.100.82.14
351,Rodolphe,Chilley,rchilley9q@360.cn,Genderqueer,153.252.65.175
352,Jonas,Rutty,jrutty9r@reverbnation.com,Male,60.251.2.146
353,Ignacio,Shinner,ishinner9s@linkedin.com,Male,211.147.158.184
354,Nester,Sims,nsims9t@yelp.com,Male,200.192.255.42
355,Bucky,Bezley,bbezley9u@eepurl.com,Male,130.243.90.113
356,Elston,Scragg,escragg9v@xrea.com,Male,85.39.170.57
357,Monro,Wildash,mwildash9w@edublogs.org,Polygender,202.119.120.217
358,Robert,Pietri,rpietri9x@nydailynews.com,Polygender,175.73.218.238
359,Boonie,Grabbam,bgrabbam9y@cnn.com,Male,193.207.34.85
360,Nonna,Gilpillan,ngilpillan9z@fema.gov,Female,202.191.130.57
361,Goldy,Bonnar,gbonnara0@hostgator.com,Female,245.249.252.168
362,Erasmus,Adolfsen,eadolfsena1@sciencedirect.com,Male,62.188.17.152
363,Ethan,Strotton,estrottona2@dot.gov,Male,196.51.147.163
364,Sandy,Spencook,sspencooka3@sphinn.com,Male,159.203.7.125
365,Roger,Abramowsky,rabramowskya4@github.io,Male,197.84.164.25
366,Uriel,Scanlan,uscanlana5@economist.com,Male,181.254.205.109
367,Farrell,Gennrich,fgennricha6@jalbum.net,Male,86.230.39.149
368,Martelle,Bilsford,mbilsforda7@patch.com,Female,184.5.194.48
369,Blanche,Duxbarry,bduxbarrya8@eepurl.com,Female,48.129.133.225
370,Buckie,Wandless,bwandlessa9@nationalgeographic.com,Male,98.80.85.240
371,Natala,Wince,nwinceaa@dot.gov,Female,186.215.105.88
372,Claresta,Denman,cdenmanab@bandcamp.com,Female,247.179.93.154
373,Teador,Frankis,tfrankisac@weibo.com,Male,119.144.192.48
374,Ted,Harston,tharstonad@yelp.com,Male,80.203.232.45
375,Lanny,Jehaes,ljehaesae@artisteer.com,Genderfluid,218.152.99.252
376,Briant,Habbergham,bhabberghamaf@ihg.com,Male,150.202.83.38
377,Layton,Kezar,lkezarag@soup.io,Male,246.187.138.120
378,Bogart,Parell,bparellah@ucla.edu,Male,43.97.195.14
379,Ellissa,Tuftin,etuftinai@wufoo.com,Female,161.74.49.78
380,Caterina,Novotni,cnovotniaj@vinaora.com,Female,234.169.140.212
381,Reinhard,Winchurch,rwinchurchak@youtu.be,Male,230.172.85.157
382,Gasper,Hodgin,ghodginal@gmpg.org,Male,205.112.163.87
383,Lucila,Upwood,lupwoodam@alibaba.com,Female,236.171.126.253
384,Fifine,Spellesy,fspellesyan@businessinsider.com,Female,82.136.205.164
385,Dian,Paddeley,dpaddeleyao@about.me,Female,227.146.56.22
386,Nollie,Cuphus,ncuphusap@google.com.br,Male,125.171.106.69
387,Georges,Fulcher,gfulcheraq@bluehost.com,Male,55.128.236.97
388,Austin,Meenan,ameenanar@nyu.edu,Male,73.90.210.68
389,Beilul,Whisker,bwhiskeras@goo.ne.jp,Female,204.233.211.228
390,Chantal,Salzen,csalzenat@baidu.com,Female,157.34.215.138
391,Anetta,Lingard,alingardau@cocolog-nifty.com,Female,221.75.175.53
392,Devlin,Jackalin,djackalinav@xing.com,Male,180.237.91.229
393,Candy,Stetson,cstetsonaw@t-online.de,Female,147.17.193.55
394,Cross,Townley,ctownleyax@reference.com,Male,174.52.207.15
395,Hartwell,Skitteral,hskitteralay@cam.ac.uk,Male,210.210.63.203
396,Albertina,Clayton,aclaytonaz@imgur.com,Polygender,109.69.104.232
397,Claybourne,Greenin,cgreeninb0@bluehost.com,Male,145.191.150.189
398,Adella,Glasspool,aglasspoolb1@census.gov,Female,173.104.166.167
399,Marina,MacArdle,mmacardleb2@is.gd,Female,4.125.162.113
400,Hally,Glasebrook,hglasebrookb3@comsenz.com,Female,254.177.182.208
401,Mathias,Shaw,mshawb4@mlb.com,Male,107.121.138.118
402,Jannel,Melluish,jmelluishb5@china.com.cn,Female,30.167.25.184
403,Jilleen,Knolles-Green,jknollesgreenb6@skype.com,Female,109.7.104.162
404,Celesta,Onele,coneleb7@ehow.com,Female,210.212.174.110
405,Xylia,Bruno,xbrunob8@bravesites.com,Female,157.189.29.148
406,Giorgio,Hurley,ghurleyb9@360.cn,Male,197.161.53.212
407,Hilda,Radmore,hradmoreba@hao123.com,Female,230.168.95.199
408,Barry,Dot,bdotbb@blogger.com,Female,26.178.127.247
409,Sherwin,Finley,sfinleybc@tuttocitta.it,Male,56.217.40.17
410,Granny,Stoffel,gstoffelbd@weebly.com,Male,208.187.91.233
411,Madison,Ruckman,mruckmanbe@netscape.com,Male,221.61.153.80
412,Basile,D'Almeida,bdalmeidabf@biblegateway.com,Male,131.182.110.203
413,Remus,Turland,rturlandbg@homestead.com,Male,219.8.136.100
414,Mareah,Brittles,mbrittlesbh@usda.gov,Female,43.254.25.17
415,Fletch,Sainsberry,fsainsberrybi@trellian.com,Male,61.13.223.161
416,Kimmi,Storrie,kstorriebj@paypal.com,Female,38.172.219.226
417,Barbe,Finnan,bfinnanbk@businesswire.com,Female,134.52.189.240
418,Inge,Jenton,ijentonbl@multiply.com,Female,63.83.40.196
419,Amii,Cholerton,acholertonbm@wisc.edu,Female,254.181.158.118
420,Wilton,Woodison,wwoodisonbn@eventbrite.com,Male,113.63.236.141
421,Myer,Kilcoyne,mkilcoynebo@gizmodo.com,Male,151.218.119.154
422,Vance,Beldom,vbeldombp@google.com.br,Male,39.174.99.6
423,Willard,Spaduzza,wspaduzzabq@smh.com.au,Male,35.54.185.151
424,Lavinie,Hutchens,lhutchensbr@purevolume.com,Female,3.3.236.201
425,Gawain,Meeking,gmeekingbs@upenn.edu,Male,63.236.201.239
426,Izzy,Lundbech,ilundbechbt@mac.com,Male,244.177.52.86
427,Violetta,Very,vverybu@yellowbook.com,Female,138.246.63.4
428,Sher,Lafuente,slafuentebv@4shared.com,Female,250.200.49.214
429,Celesta,Kuhnwald,ckuhnwaldbw@mashable.com,Female,121.241.132.98
430,Emogene,Endricci,eendriccibx@miitbeian.gov.cn,Female,53.202.65.203
431,Padgett,Le Brom,plebromby@google.com.br,Male,32.106.170.175
432,Stafani,Leban,slebanbz@booking.com,Female,0.248.32.76
433,Devon,Davidou,ddavidouc0@usatoday.com,Female,86.85.171.47
434,Daffy,Raistrick,draistrickc1@sourceforge.net,Female,28.61.105.87
435,Vilhelmina,Garie,vgariec2@mozilla.org,Female,206.204.231.182
436,Parsifal,Brockington,pbrockingtonc3@mail.ru,Male,237.204.166.112
437,Danie,Gheerhaert,dgheerhaertc4@newyorker.com,Male,147.240.127.209
438,Xenos,Bullant,xbullantc5@miibeian.gov.cn,Male,73.13.94.63
439,Modesty,Dockrell,mdockrellc6@independent.co.uk,Genderfluid,111.163.99.13
440,Corney,Danko,cdankoc7@chronoengine.com,Male,205.14.113.180
441,Ellsworth,Mattimoe,emattimoec8@youku.com,Male,191.115.7.108
442,Rriocard,Thredder,rthredderc9@csmonitor.com,Male,37.160.136.168
443,Stanislaus,Vasler,svaslerca@dailymail.co.uk,Male,147.188.66.9
444,Brittany,Carneck,bcarneckcb@biblegateway.com,Female,133.149.250.252
445,Pollyanna,Wenban,pwenbancc@shutterfly.com,Female,202.176.157.184
446,Ekaterina,Woodford,ewoodfordcd@fc2.com,Female,242.157.85.49
447,Smith,Plaster,splasterce@simplemachines.org,Male,99.244.94.232
448,Charita,Stone,cstonecf@netvibes.com,Female,154.138.214.10
449,Ronalda,Calltone,rcalltonecg@devhub.com,Female,174.215.0.230
450,Catlaina,Barenskie,cbarenskiech@ezinearticles.com,Female,201.179.237.136
451,Rois,Chell,rchellci@furl.net,Female,93.20.144.129
452,Shawn,Callan,scallancj@hao123.com,Male,222.250.90.14
453,Gerianne,Rawle,grawleck@slashdot.org,Female,123.193.123.241
454,Lindon,Brenston,lbrenstoncl@bluehost.com,Male,181.175.118.228
455,Ely,Soulsby,esoulsbycm@scribd.com,Male,236.123.214.27
456,Janenna,Erbain,jerbaincn@umich.edu,Genderqueer,16.81.217.46
457,Donni,Germain,dgermainco@psu.edu,Genderfluid,95.115.65.17
458,Elora,Rillatt,erillattcp@homestead.com,Female,170.246.57.52
459,Avril,Loyley,aloyleycq@opera.com,Female,146.157.236.3
460,Lettie,Kinder,lkindercr@hud.gov,Polygender,246.248.171.221
461,Jenn,Byard,jbyardcs@theatlantic.com,Female,157.179.72.94
462,Cyb,Rudeforth,crudeforthct@diigo.com,Female,242.103.191.112
463,Lisha,Landsberg,llandsbergcu@tripod.com,Female,214.170.64.243
464,Ira,Sawyer,isawyercv@sfgate.com,Genderfluid,133.57.208.133
465,Carry,Szymanowski,cszymanowskicw@aol.com,Female,247.148.3.245
466,Brear,Gavahan,bgavahancx@jimdo.com,Female,104.9.243.133
467,Rossie,Raise,rraisecy@domainmarket.com,Male,214.37.160.178
468,Ruthy,Spary,rsparycz@scientificamerican.com,Polygender,234.80.147.26
469,Devin,Tender,dtenderd0@cbsnews.com,Male,220.149.210.101
470,Candide,Pocklington,cpocklingtond1@woothemes.com,Female,75.143.157.186
471,Cordy,Rosenberger,crosenbergerd2@aol.com,Female,209.144.230.83
472,Marlowe,Bayns,mbaynsd3@howstuffworks.com,Male,53.145.230.187
473,Esmaria,Gwyer,egwyerd4@t.co,Female,79.189.122.227
474,Bart,Blockwell,bblockwelld5@usatoday.com,Male,179.229.195.60
475,Rockwell,Coppens,rcoppensd6@washingtonpost.com,Male,12.44.248.35
476,Nara,Hoyer,nhoyerd7@java.com,Agender,165.154.16.38
477,Suzy,Thay,sthayd8@123-reg.co.uk,Female,164.164.166.80
478,Nappie,Mainson,nmainsond9@smugmug.com,Male,38.185.167.186
479,Win,Neubigging,wneubiggingda@infoseek.co.jp,Male,201.103.92.193
480,Domini,Dearn,ddearndb@themeforest.net,Female,166.2.41.162
481,Griffith,Shoreson,gshoresondc@ehow.com,Male,63.186.240.223
482,Ashly,Heining,aheiningdd@acquirethisname.com,Female,226.164.188.131
483,Laina,Pavett,lpavettde@free.fr,Female,129.177.120.108
484,Linc,Schach,lschachdf@unesco.org,Male,75.153.233.241
485,Trisha,McPhilip,tmcphilipdg@php.net,Female,73.199.216.231
486,Grady,Rattrie,grattriedh@bloglovin.com,Male,167.35.170.135
487,Leroy,Ohms,lohmsdi@scribd.com,Male,85.145.129.107
488,Isador,Jurczik,ijurczikdj@prnewswire.com,Male,107.202.119.82
489,Arly,Gobel,agobeldk@live.com,Female,145.57.96.195
490,Anne,Kenderdine,akenderdinedl@plala.or.jp,Female,75.17.172.37
491,Fayina,Trude,ftrudedm@geocities.com,Female,51.239.102.217
492,Ruby,Keightley,rkeightleydn@wp.com,Female,101.67.201.0
493,Shea,Wadlow,swadlowdo@java.com,Male,108.192.43.172
494,Abagael,Barthorpe,abarthorpedp@sfgate.com,Female,169.43.22.75
495,Addie,Snow,asnowdq@altervista.org,Female,60.54.129.173
496,Ralf,Ekell,rekelldr@loc.gov,Male,180.9.222.246
497,Teodor,Robertazzi,trobertazzids@latimes.com,Agender,243.100.175.71
498,Suzi,MacGuigan,smacguigandt@java.com,Polygender,84.17.8.6
499,Kippy,Schwieso,kschwiesodu@nymag.com,Female,194.148.84.169
500,Victoria,Pipping,vpippingdv@nifty.com,Female,244.203.72.221
501,Skipton,Sleightholme,ssleightholmedw@tuttocitta.it,Polygender,116.229.65.251
502,Helge,Spira,hspiradx@w3.org,Female,235.79.61.89
503,Itch,Siege,isiegedy@list-manage.com,Male,192.105.36.236
504,Eliza,Eaden,eeadendz@unicef.org,Female,142.141.82.83
505,Eamon,Lawman,elawmane0@w3.org,Male,110.233.151.181
506,Maurise,Attwill,mattwille1@google.com.br,Male,50.95.83.89
507,Myra,Mound,mmounde2@thetimes.co.uk,Female,127.64.107.44
508,Corney,Yakovl,cyakovle3@reuters.com,Male,186.16.125.223
509,Shellie,Farrow,sfarrowe4@pen.io,Polygender,43.170.181.101
510,Cammy,Mayhead,cmayheade5@umich.edu,Genderqueer,112.4.202.50
511,Ryley,Jickles,rjicklese6@ft.com,Male,124.140.152.192
512,Camel,Luther,cluthere7@yellowbook.com,Female,17.54.254.65
513,Georgianna,Dorricott,gdorricotte8@cdbaby.com,Female,241.146.67.222
514,Sigismund,Gilbart,sgilbarte9@rambler.ru,Male,106.122.2.23
515,Roanne,Ambrogetti,rambrogettiea@indiatimes.com,Female,110.155.148.94
516,Jon,Aleavy,jaleavyeb@wikispaces.com,Male,22.22.66.15
517,Leta,Mottram,lmottramec@youku.com,Female,214.105.30.22
518,Raddie,Ofer,rofered@engadget.com,Male,13.195.50.248
519,Kliment,Rops,kropsee@comsenz.com,Male,163.145.255.115
520,Gennie,Cuniam,gcuniamef@archive.org,Female,104.208.141.76
521,Clarissa,Northridge,cnorthridgeeg@about.me,Female,148.239.132.246
522,Lanita,Mintrim,lmintrimeh@google.com,Female,79.63.0.144
523,Tabina,Kirby,tkirbyei@posterous.com,Female,164.148.233.5
524,Alastair,Ivy,aivyej@com.com,Genderfluid,75.229.139.38
525,Petrina,Allbones,pallbonesek@gizmodo.com,Female,163.18.243.204
526,Daryn,Rosenstengel,drosenstengelel@lulu.com,Female,35.129.250.3
527,Aloin,Caldicot,acaldicotem@usda.gov,Male,171.100.194.165
528,Sioux,Pavlishchev,spavlishcheven@youku.com,Female,218.140.44.123
529,Leoline,Semon,lsemoneo@columbia.edu,Female,191.115.192.254
530,Viole,Buglar,vbuglarep@hatena.ne.jp,Female,141.113.30.224
531,Johannah,Cadge,jcadgeeq@va.gov,Female,98.246.102.244
532,Tove,Gherardesci,tgherardescier@hatena.ne.jp,Female,115.52.175.193
533,Allayne,Pietz,apietzes@umn.edu,Male,79.161.109.117
534,Alistair,Burle,aburleet@google.ca,Male,231.111.122.251
535,Shara,Cristofalo,scristofaloeu@smugmug.com,Female,111.119.217.47
536,Henryetta,Eversfield,heversfieldev@phpbb.com,Female,42.160.16.196
537,Olva,Guislin,oguislinew@parallels.com,Female,245.133.255.150
538,Perkin,Reven,prevenex@who.int,Male,185.212.20.112
539,Devin,Rishman,drishmaney@npr.org,Female,93.33.41.135
540,Justina,Leafe,jleafeez@webeden.co.uk,Female,39.248.249.154
541,Elbert,Otteridge,eotteridgef0@vinaora.com,Polygender,0.56.137.157
542,Elizabet,Itzakson,eitzaksonf1@slate.com,Female,53.19.237.220
543,Oswell,Gerardi,ogerardif2@census.gov,Male,122.111.255.157
544,Herbert,Breen,hbreenf3@networksolutions.com,Male,160.87.235.255
545,Delphine,Branca,dbrancaf4@github.io,Female,42.70.226.12
546,Broderick,Babbs,bbabbsf5@jigsy.com,Male,231.3.152.104
547,Bartolemo,Harp,bharpf6@gizmodo.com,Male,75.13.205.242
548,Bink,Keppe,bkeppef7@behance.net,Male,19.151.189.211
549,Cass,Berrow,cberrowf8@yale.edu,Female,171.146.170.40
550,Brand,Caddy,bcaddyf9@salon.com,Male,9.209.46.88
551,Idelle,Porritt,iporrittfa@tuttocitta.it,Female,122.77.187.80
552,Alanson,Goshawk,agoshawkfb@theglobeandmail.com,Male,109.96.161.88
553,Chrisse,Galey,cgaleyfc@eventbrite.com,Male,146.212.243.218
554,Dannye,Suddock,dsuddockfd@github.com,Female,70.58.238.204
555,Margy,Bradder,mbradderfe@ucoz.ru,Female,36.205.185.137
556,Carly,Rubens,crubensff@pen.io,Female,25.159.206.173
557,Fifine,Ranstead,fransteadfg@earthlink.net,Female,150.171.231.155
558,Holmes,Easey,heaseyfh@auda.org.au,Bigender,62.75.115.122
559,Alanah,Hidderley,ahidderleyfi@de.vu,Female,243.175.121.66
560,Ogdan,Kermon,okermonfj@mlb.com,Male,96.81.194.222
561,Pepe,Phillot,pphillotfk@gov.uk,Male,202.252.192.42
562,Jefferson,Lemonby,jlemonbyfl@cyberchimps.com,Male,59.179.121.159
563,Bank,Walding,bwaldingfm@mashable.com,Male,96.144.25.183
564,Pen,Slowgrave,pslowgravefn@gov.uk,Female,105.234.18.80
565,Conrad,Matejovsky,cmatejovskyfo@disqus.com,Male,65.10.156.79
566,Maximilianus,Gelletly,mgelletlyfp@bizjournals.com,Male,83.243.194.24
567,Mortimer,Liddle,mliddlefq@godaddy.com,Male,233.77.80.83
568,Gerianne,Ambler,gamblerfr@wunderground.com,Female,56.61.28.53
569,Noelani,Edes,nedesfs@comcast.net,Female,23.177.8.54
570,Jack,Gisby,jgisbyft@t-online.de,Male,36.24.70.87
571,Karrah,Bufton,kbuftonfu@wikia.com,Female,156.120.127.14
572,Tadio,Deegin,tdeeginfv@disqus.com,Male,117.36.48.26
573,Glennis,Cansdale,gcansdalefw@fotki.com,Female,123.158.223.184
574,Greer,Lownsbrough,glownsbroughfx@xinhuanet.com,Female,130.36.14.160
575,Moyna,Felce,mfelcefy@mlb.com,Female,121.66.39.235
576,Mace,Dakhov,mdakhovfz@studiopress.com,Male,121.219.119.68
577,Cindy,Jozsika,cjozsikag0@cbslocal.com,Female,86.125.224.206
578,Jeno,Alebrooke,jalebrookeg1@yandex.ru,Male,149.141.53.52
579,Brandon,Kidman,bkidmang2@lulu.com,Male,17.189.5.193
580,Findley,Matei,fmateig3@artisteer.com,Male,15.82.199.10
581,Terrijo,Grebert,tgrebertg4@hexun.com,Female,92.222.200.84
582,Levy,Bolesma,lbolesmag5@cam.ac.uk,Male,39.162.128.100
583,Packston,Radolf,pradolfg6@ed.gov,Male,59.167.123.120
584,Carline,Jakes,cjakesg7@scientificamerican.com,Bigender,133.115.186.165
585,Ansley,Potbury,apotburyg8@jiathis.com,Female,107.246.249.136
586,Engelbert,Oliver-Paull,eoliverpaullg9@irs.gov,Male,97.213.138.169
587,Roley,Burgin,rburginga@macromedia.com,Male,56.189.121.126
588,Benny,Yexley,byexleygb@soup.io,Male,202.224.94.233
589,Mala,Livock,mlivockgc@hatena.ne.jp,Female,244.93.91.213
590,Adriana,Colpus,acolpusgd@omniture.com,Female,147.9.213.18
591,Jackie,Woodlands,jwoodlandsge@unicef.org,Male,37.29.249.96
592,Hedvig,Jouhan,hjouhangf@yahoo.com,Female,54.53.255.106
593,Skye,Hardison,shardisongg@ebay.com,Male,220.14.16.129
594,Abigael,Leith-Harvey,aleithharveygh@sun.com,Female,94.186.213.136
595,Roger,Doiley,rdoileygi@arstechnica.com,Male,38.122.72.162
596,Nance,Wodeland,nwodelandgj@geocities.jp,Female,108.159.54.203
597,Halley,Berriball,hberriballgk@cnbc.com,Female,21.112.238.149
598,Zoe,Delamar,zdelamargl@dyndns.org,Female,127.172.64.225
599,Bat,Tenaunt,btenauntgm@vinaora.com,Male,112.143.85.63
600,Alric,Sutherel,asutherelgn@constantcontact.com,Male,4.184.241.161
601,Nev,Scarr,nscarrgo@arizona.edu,Male,71.96.112.198
602,Smith,Maund,smaundgp@gmpg.org,Male,220.1.231.158
603,Marcel,Ebbage,mebbagegq@unc.edu,Male,94.51.86.17
604,Augustine,Oughtright,aoughtrightgr@studiopress.com,Male,116.48.84.196
605,Jocko,Ferrick,jferrickgs@symantec.com,Male,115.92.69.229
606,Starla,Townsend,stownsendgt@nydailynews.com,Female,143.229.253.178
607,Kristofer,Benjefield,kbenjefieldgu@sciencedaily.com,Male,77.99.233.88
608,Isador,Gipps,igippsgv@upenn.edu,Male,190.180.202.108
609,Jeffry,Sheward,jshewardgw@desdev.cn,Male,102.229.19.166
610,Antonie,O'Dea,aodeagx@dagondesign.com,Polygender,244.88.52.5
611,Gennifer,Presser,gpressergy@scribd.com,Female,154.98.14.92
612,Berk,Dudin,bdudingz@sina.com.cn,Male,170.86.213.1
613,Madison,Rubert,mruberth0@eepurl.com,Non-binary,157.99.231.174
614,Quent,Simmon,qsimmonh1@imdb.com,Male,130.231.87.32
615,Stephani,Hanmore,shanmoreh2@thetimes.co.uk,Female,232.111.11.28
616,Abrahan,Thorns,athornsh3@ox.ac.uk,Male,255.229.70.172
617,Philomena,Carlo,pcarloh4@over-blog.com,Female,84.145.176.127
618,Perkin,Willisch,pwillischh5@epa.gov,Male,18.251.76.226
619,Edmon,Grimmett,egrimmetth6@woothemes.com,Agender,203.10.42.130
620,Cully,Broad,cbroadh7@msu.edu,Male,231.51.203.200
621,Enrico,Rowland,erowlandh8@redcross.org,Male,149.156.239.14
622,Stacy,Matthiae,smatthiaeh9@ebay.com,Male,187.34.141.178
623,Howie,Renvoise,hrenvoiseha@google.com.au,Male,35.73.204.223
624,Clarita,Russe,crussehb@xinhuanet.com,Female,152.231.199.14
625,Emmet,Danbury,edanburyhc@cisco.com,Male,129.199.250.220
626,Madison,Napleton,mnapletonhd@biblegateway.com,Male,171.220.100.214
627,Meridel,Stockley,mstockleyhe@google.es,Female,170.198.63.229
628,Bail,Blore,bblorehf@elpais.com,Male,174.224.252.254
629,Tobey,Shorthouse,tshorthousehg@timesonline.co.uk,Non-binary,119.8.217.78
630,Conchita,Nys,cnyshh@illinois.edu,Female,185.246.50.203
631,Rice,Kinchin,rkinchinhi@berkeley.edu,Male,232.53.16.110
632,Zackariah,Wivell,zwivellhj@patch.com,Male,157.168.143.156
633,Kerrill,Moral,kmoralhk@epa.gov,Bigender,243.23.199.53
634,Cati,Boyat,cboyathl@washington.edu,Female,87.138.147.174
635,Wilmer,Heaton,wheatonhm@360.cn,Male,90.147.164.59
636,Tobie,Bellingham,tbellinghamhn@springer.com,Male,101.106.84.84
637,Matthaeus,Prendeguest,mprendeguestho@answers.com,Male,103.109.17.156
638,Jdavie,MacFarlane,jmacfarlanehp@globo.com,Male,201.29.42.191
639,Carl,Scandwright,cscandwrighthq@slate.com,Agender,95.112.96.148
640,Jeremy,Fortescue,jfortescuehr@indiegogo.com,Male,207.144.57.202
641,Josi,Jenny,jjennyhs@dyndns.org,Female,103.238.192.55
642,Keir,Beetles,kbeetlesht@paypal.com,Male,234.12.198.176
643,Fonz,Mill,fmillhu@cocolog-nifty.com,Male,187.62.101.83
644,Rebeka,Overbury,roverburyhv@hostgator.com,Female,195.160.56.16
645,Herbert,Dyment,hdymenthw@deliciousdays.com,Bigender,36.228.63.46
646,Shawn,Littlewood,slittlewoodhx@dmoz.org,Male,216.11.229.40
647,Jacob,Pert,jperthy@wufoo.com,Male,49.62.136.134
648,Pippa,Kinahan,pkinahanhz@reference.com,Female,29.70.125.147
649,Sally,Loffill,sloffilli0@dyndns.org,Female,145.26.7.119
650,Nonnah,Ismead,nismeadi1@tinypic.com,Polygender,41.48.234.81
651,Andrew,Edland,aedlandi2@ibm.com,Male,175.242.234.77
652,Leonard,Carletto,lcarlettoi3@geocities.jp,Male,230.125.137.249
653,Ricca,Halbeard,rhalbeardi4@webeden.co.uk,Female,132.98.17.126
654,Morganne,Aldren,maldreni5@sphinn.com,Female,36.140.21.79
655,Lydia,Baggally,lbaggallyi6@twitter.com,Female,148.113.34.104
656,Stephine,Gookey,sgookeyi7@nationalgeographic.com,Female,30.167.146.201
657,Lillian,Gehringer,lgehringeri8@ehow.com,Female,37.77.224.39
658,Lorrie,More,lmorei9@amazon.co.jp,Male,4.184.47.123
659,Normie,Nelsey,nnelseyia@taobao.com,Male,11.177.13.57
660,Phylis,Fackrell,pfackrellib@shutterfly.com,Female,68.113.233.131
661,Anatole,Peppard,apeppardic@free.fr,Male,7.7.139.135
662,Howey,Benini,hbeniniid@youku.com,Male,118.124.183.217
663,Joelynn,Ofener,jofenerie@mapy.cz,Female,27.178.176.160
664,Fredrick,Rowth,frowthif@jigsy.com,Male,15.123.126.35
665,Roddy,Nickels,rnickelsig@typepad.com,Male,87.90.180.211
666,Sabra,Winks,swinksih@ow.ly,Female,31.1.237.249
667,Orbadiah,Dienes,odienesii@slashdot.org,Male,159.42.3.20
668,Berty,Matuszkiewicz,bmatuszkiewiczij@51.la,Bigender,214.53.85.98
669,Dennie,McKeran,dmckeranik@army.mil,Male,178.233.184.50
670,Fabe,Raisher,fraisheril@state.tx.us,Male,208.185.233.92
671,Derby,Camilli,dcamilliim@csmonitor.com,Male,203.141.149.1
672,Alfie,Brimner,abrimnerin@flavors.me,Male,222.85.39.26
673,Adiana,Blinder,ablinderio@icio.us,Female,255.7.49.44
674,Audra,Romanini,aromaniniip@tiny.cc,Female,18.208.113.36
675,Wilbert,Budden,wbuddeniq@chicagotribune.com,Male,17.100.170.111
676,Adriano,Scotchbrook,ascotchbrookir@nhs.uk,Male,42.156.113.174
677,Ancell,Scyner,ascyneris@ox.ac.uk,Male,243.156.220.180
678,Dulcea,Lanyon,dlanyonit@nature.com,Female,188.106.201.203
679,Vinnie,Sprasen,vspraseniu@instagram.com,Male,71.255.85.16
680,Jefferson,Lacky,jlackyiv@smh.com.au,Male,197.196.61.14
681,Cicily,Crees,ccreesiw@guardian.co.uk,Female,156.241.164.11
682,Inglis,Bundy,ibundyix@oakley.com,Male,183.164.119.112
683,Averill,Koppe,akoppeiy@hostgator.com,Male,49.122.21.103
684,Renae,Brabender,rbrabenderiz@sourceforge.net,Female,138.139.92.234
685,Siusan,Winslow,swinslowj0@dion.ne.jp,Female,179.26.224.227
686,Fay,Kernocke,fkernockej1@hud.gov,Female,224.44.182.176
687,Sherill,MacAscaidh,smacascaidhj2@gizmodo.com,Female,32.158.126.134
688,Curry,Shirrell,cshirrellj3@wsj.com,Agender,177.145.35.196
689,Esmaria,Wadge,ewadgej4@scientificamerican.com,Female,144.242.77.24
690,Mohandis,Eveque,mevequej5@deviantart.com,Male,70.195.232.4
691,Jillie,Lynthal,jlynthalj6@ca.gov,Genderfluid,99.97.223.182
692,Esdras,Schultz,eschultzj7@xinhuanet.com,Male,80.203.4.197
693,Carrol,Holley,cholleyj8@statcounter.com,Male,158.192.233.106
694,Winfred,Frantzeni,wfrantzenij9@answers.com,Male,160.177.22.208
695,Deny,Hendriksen,dhendriksenja@amazon.co.uk,Female,222.77.119.84
696,Timothea,Blood,tbloodjb@topsy.com,Female,105.206.210.158
697,Colin,Skirling,cskirlingjc@usa.gov,Male,7.16.17.141
698,Cymbre,Gilmartin,cgilmartinjd@paypal.com,Female,208.19.34.164
699,Carmina,Faithorn,cfaithornje@posterous.com,Polygender,174.196.16.140
700,Katerine,Hallagan,khallaganjf@typepad.com,Female,26.20.111.8
701,Deck,FitzAlan,dfitzalanjg@bizjournals.com,Male,82.36.206.164
702,Cully,Morando,cmorandojh@earthlink.net,Male,165.90.243.221
703,Nert,Lorans,nloransji@statcounter.com,Female,58.183.155.104
704,Kimmi,Penreth,kpenrethjj@springer.com,Female,188.76.249.124
705,Eolande,O' Mulderrig,eomulderrigjk@netscape.com,Female,166.71.68.62
706,Stephani,Giller,sgillerjl@java.com,Bigender,146.135.10.67
707,Siouxie,Richarson,sricharsonjm@msn.com,Female,167.3.30.181
708,Silvain,Gauchier,sgauchierjn@slate.com,Male,2.66.186.94
709,Fredek,Timpany,ftimpanyjo@furl.net,Male,115.71.158.149
710,Karena,Darington,kdaringtonjp@blogs.com,Female,207.249.135.212
711,Lemar,Lyven,llyvenjq@wikipedia.org,Male,231.152.160.16
712,Clovis,Dashwood,cdashwoodjr@ycombinator.com,Female,84.176.64.233
713,Micaela,De la Perrelle,mdelaperrellejs@tinypic.com,Female,187.158.186.159
714,Odella,Wakely,owakelyjt@cbc.ca,Female,189.235.170.252
715,Carroll,Seabridge,cseabridgeju@cyberchimps.com,Male,245.153.200.247
716,Leeland,Samwyse,lsamwysejv@ihg.com,Male,57.158.19.124
717,Wenda,Tomes,wtomesjw@dyndns.org,Non-binary,175.246.157.35
718,Ninnetta,Ayars,nayarsjx@list-manage.com,Female,170.30.252.136
719,Breanne,Cholerton,bcholertonjy@businesswire.com,Female,126.9.170.60
720,Lorelle,MacAndie,lmacandiejz@deliciousdays.com,Female,253.11.249.231
721,Hedi,Tramel,htramelk0@sun.com,Female,147.59.73.226
722,Jim,Gaynesford,jgaynesfordk1@weibo.com,Male,250.11.12.84
723,Rriocard,Lewsy,rlewsyk2@home.pl,Male,180.19.138.192
724,Ody,German,ogermank3@cbslocal.com,Male,77.228.0.241
725,Etheline,Dreghorn,edreghornk4@cbsnews.com,Female,189.16.68.188
726,Dorita,Penhalurick,dpenhalurickk5@jugem.jp,Female,62.165.73.33
727,Barbabas,Bendare,bbendarek6@quantcast.com,Male,160.222.146.242
728,Heloise,Guinn,hguinnk7@oaic.gov.au,Female,87.116.17.204
729,Emili,Standell,estandellk8@disqus.com,Female,248.85.216.228
730,Stefa,Scrymgeour,sscrymgeourk9@squidoo.com,Female,143.4.164.132
731,Mada,O'Lehane,molehaneka@unblog.fr,Female,214.160.179.128
732,Perren,Halso,phalsokb@squidoo.com,Genderfluid,103.78.222.122
733,Leila,Gannaway,lgannawaykc@mayoclinic.com,Female,85.182.149.82
734,Savina,Jeandon,sjeandonkd@telegraph.co.uk,Female,162.187.72.222
735,Tracy,Bransgrove,tbransgroveke@php.net,Female,116.76.183.26
736,Noach,Pickerill,npickerillkf@house.gov,Male,169.252.229.31
737,Giorgio,Wentworth,gwentworthkg@arizona.edu,Male,226.170.58.49
738,Lesley,Brunsden,lbrunsdenkh@skyrock.com,Male,153.27.149.88
739,Farand,Wonfor,fwonforki@dmoz.org,Female,32.64.110.52
740,Alfy,Coode,acoodekj@flickr.com,Female,156.173.131.225
741,Levon,Brooking,lbrookingkk@google.nl,Male,198.229.209.107
742,Lowrance,Millington,lmillingtonkl@google.it,Male,192.37.129.213
743,Abra,Fallows,afallowskm@theatlantic.com,Female,186.162.14.10
744,Vevay,Sherrock,vsherrockkn@flavors.me,Female,131.121.126.33
745,Kahlil,Lassells,klassellsko@businessweek.com,Male,157.148.158.193
746,Jard,Erington,jeringtonkp@state.gov,Male,143.252.63.129
747,Rice,Prescot,rprescotkq@aboutads.info,Male,219.235.89.101
748,Humbert,Beagen,hbeagenkr@hao123.com,Male,226.75.134.63
749,Moise,Osborn,mosbornks@marketwatch.com,Male,77.55.15.173
750,Mycah,Hedman,mhedmankt@1und1.de,Male,116.118.142.208
751,Dionysus,Buist,dbuistku@nsw.gov.au,Genderfluid,119.65.121.119
752,Rasla,Annetts,rannettskv@gnu.org,Female,155.41.72.246
753,Cordelie,Mallabund,cmallabundkw@opensource.org,Female,159.35.208.166
754,Carey,Mowbray,cmowbraykx@vinaora.com,Female,53.101.109.90
755,Elsa,Witnall,ewitnallky@addthis.com,Female,60.67.140.49
756,Wallache,Clancey,wclanceykz@salon.com,Male,216.86.0.103
757,Tybi,Grassett,tgrassettl0@domainmarket.com,Female,119.254.177.211
758,Osmund,Hogsden,ohogsdenl1@hatena.ne.jp,Male,140.107.101.148
759,Eli,Fludder,efludderl2@cmu.edu,Male,33.45.133.253
760,Orelie,Burburough,oburburoughl3@mozilla.org,Female,111.221.138.57
761,Floria,Chavrin,fchavrinl4@geocities.com,Female,129.54.215.205
762,Abbie,Thacker,athackerl5@harvard.edu,Female,36.37.57.55
763,Lane,Harriagn,lharriagnl6@godaddy.com,Female,52.123.96.19
764,Frants,Farris,ffarrisl7@usatoday.com,Male,21.133.205.160
765,Lorne,McGrowther,lmcgrowtherl8@state.gov,Female,166.39.117.233
766,Flynn,Cahalin,fcahalinl9@alexa.com,Male,206.225.81.98
767,Inness,Wesker,iweskerla@edublogs.org,Male,235.191.22.39
768,Niko,Dimeloe,ndimeloelb@telegraph.co.uk,Male,134.122.104.90
769,Daren,Kaysor,dkaysorlc@google.co.jp,Male,34.72.195.137
770,Marian,Eyckel,meyckelld@independent.co.uk,Female,94.148.204.138
771,Pammi,Southwell,psouthwellle@seesaa.net,Female,235.207.206.234
772,Levey,Killimister,lkillimisterlf@aol.com,Male,108.124.52.51
773,Kerwinn,Harriot,kharriotlg@xing.com,Male,177.209.91.102
774,Ruthy,Grinin,rgrininlh@gmpg.org,Female,192.83.14.138
775,Gerri,Dibling,gdiblingli@google.com.br,Male,90.246.18.118
776,Kelsey,Mitford,kmitfordlj@imageshack.us,Female,98.223.189.35
777,Sisile,Gummary,sgummarylk@hp.com,Female,7.167.210.190
778,Ted,Mannion,tmannionll@foxnews.com,Polygender,13.155.242.105
779,Kipp,Ayling,kaylinglm@cdbaby.com,Female,191.181.47.12
780,Hortense,Solon,hsolonln@irs.gov,Female,242.65.144.50
781,Kally,Gasperi,kgasperilo@slate.com,Female,192.189.179.127
782,Stanislaus,Pietesch,spieteschlp@yolasite.com,Male,231.84.35.99
783,Dannel,Linklet,dlinkletlq@blogspot.com,Male,55.128.79.99
784,Keene,Caddens,kcaddenslr@paypal.com,Non-binary,28.162.245.252
785,Launce,Suatt,lsuattls@businessinsider.com,Male,15.122.55.49
786,Fran,Dallimore,fdallimorelt@ihg.com,Male,51.77.63.65
787,Milka,Hadwen,mhadwenlu@paypal.com,Polygender,210.240.179.38
788,Pietro,Sapsed,psapsedlv@dyndns.org,Male,60.25.45.143
789,Claire,Warsap,cwarsaplw@google.com,Bigender,167.25.68.62
790,Idelle,Strowlger,istrowlgerlx@marketwatch.com,Non-binary,40.200.203.137
791,Wayland,Dumbar,wdumbarly@google.ca,Male,141.211.143.250
792,Nancie,Carberry,ncarberrylz@newsvine.com,Female,43.75.237.147
793,Vito,Demangeot,vdemangeotm0@artisteer.com,Male,137.124.57.14
794,Fairfax,Curness,fcurnessm1@engadget.com,Male,251.248.96.64
795,Dennis,Amey,dameym2@mit.edu,Male,44.191.123.236
796,Katya,Issacson,kissacsonm3@ucoz.ru,Female,102.124.207.19
797,Hamil,O'Kinneally,hokinneallym4@hostgator.com,Male,94.121.117.182
798,Junia,Puckinghorne,jpuckinghornem5@people.com.cn,Female,58.144.247.110
799,Redd,Hansard,rhansardm6@mozilla.com,Male,174.228.158.108
800,Jannelle,Peperell,jpeperellm7@oracle.com,Female,171.230.51.28
801,Clarita,Rump,crumpm8@cam.ac.uk,Female,118.147.71.48
802,Aurelea,MacQuarrie,amacquarriem9@fastcompany.com,Female,241.208.8.89
803,Nils,Stenner,nstennerma@globo.com,Male,151.207.252.121
804,Sandor,Hadigate,shadigatemb@bravesites.com,Genderqueer,52.78.64.200
805,Benoit,Whiteside,bwhitesidemc@360.cn,Male,3.163.227.155
806,Connie,Prendergrass,cprendergrassmd@freewebs.com,Female,243.20.119.199
807,Carmelina,Spera,csperame@utexas.edu,Female,205.156.185.209
808,Geri,Rabier,grabiermf@nba.com,Male,124.125.2.120
809,Othilia,Wincott,owincottmg@hao123.com,Female,85.171.225.29
810,Eldridge,Fazackerley,efazackerleymh@harvard.edu,Male,80.76.215.200
811,Claybourne,Torres,ctorresmi@istockphoto.com,Male,235.178.77.166
812,Ashton,Braddon,abraddonmj@networkadvertising.org,Male,162.219.152.215
813,Franciska,Lampkin,flampkinmk@sourceforge.net,Female,141.206.255.124
814,Eustacia,Clever,ecleverml@nih.gov,Female,8.180.23.15
815,Libbi,Kurton,lkurtonmm@marriott.com,Female,142.44.95.86
816,Anatole,Raff,araffmn@biblegateway.com,Non-binary,241.134.253.116
817,Thaine,Giovannacc@i,tgiovannaccimo@about.me,Male,149.76.150.122
818,Anette,Stiggles,astigglesmp@java.com,Non-binary,147.114.153.64
819,Welbie,Smidmoor,wsmidmoormq@paginegialle.it,Male,103.22.56.131
820,Jasen,Huddy,jhuddymr@washington.edu,Male,139.218.184.156
821,Binky,Tertre,btertrems@mozilla.org,Male,35.81.33.232
822,Shannan,Weavill,sweavillmt@printfriendly.com,Male,192.113.149.29
823,Zolly,Pugsley,zpugsleymu@biblegateway.com,Male,17.157.153.63
824,Skelly,McConville,smcconvillemv@mtv.com,Male,51.76.133.193
825,Sascha,Askam,saskammw@engadget.com,Female,105.32.80.71
826,Tani,Baccup,tbaccupmx@disqus.com,Female,196.139.40.208
827,Celestina,Curness,ccurnessmy@youku.com,Female,214.150.232.204
828,Hermie,Jerg,hjergmz@pcworld.com,Male,94.63.13.147
829,Ashley,Creasey,acreaseyn0@a8.net,Female,28.129.36.176
830,Burk,Able,bablen1@nba.com,Agender,250.232.226.138
831,Michelle,Yokelman,myokelmann2@facebook.com,Female,119.39.26.163
832,Rhiamon,Ramard,rramardn3@163.com,Female,253.254.77.230
833,Willy,Lozano,wlozanon4@jiathis.com,Polygender,228.181.229.183
834,Sheppard,Brewers,sbrewersn5@uol.com.br,Male,119.135.130.205
835,Dwight,Dracey,ddraceyn6@furl.net,Male,218.5.135.71
836,Oralee,Karpinski,okarpinskin7@goodreads.com,Female,178.125.60.14
837,Reeta,Wrintmore,rwrintmoren8@cnn.com,Female,34.98.11.90
838,Nance,Long,nlongn9@discuz.net,Female,137.191.53.3
839,Mort,Noyes,mnoyesna@imageshack.us,Male,227.107.139.59
840,Otho,Gaitung,ogaitungnb@slideshare.net,Male,96.172.222.44
841,Gabbie,Aveling,gavelingnc@comcast.net,Male,140.228.70.226
842,Hilliary,felip,hfelipnd@deliciousdays.com,Female,29.44.96.197
843,Sergent,Okroy,sokroyne@home.pl,Polygender,43.113.207.186
844,Savina,Meecher,smeechernf@behance.net,Female,194.26.83.218
845,Elden,Spottiswood,espottiswoodng@vimeo.com,Male,85.65.31.63
846,Zacherie,Triplett,ztriplettnh@issuu.com,Male,240.152.90.112
847,Ingaborg,Clingan,iclinganni@stanford.edu,Female,108.127.211.199
848,Sammie,Pearde,speardenj@mtv.com,Male,199.139.1.0
849,Wilmette,McLenaghan,wmclenaghannk@jiathis.com,Female,41.230.133.125
850,Crystal,Gludor,cgludornl@ed.gov,Female,131.25.128.98
851,Baird,McErlaine,bmcerlainenm@marketwatch.com,Male,148.142.14.108
852,Holmes,Lampens,hlampensnn@bloglovin.com,Male,178.82.54.87
853,Mahala,Wicken,mwickenno@infoseek.co.jp,Female,223.110.138.254
854,Karna,Crowhurst,kcrowhurstnp@miibeian.gov.cn,Female,146.118.141.177
855,Pete,Bende,pbendenq@slashdot.org,Non-binary,131.219.45.237
856,Charlean,Reaman,creamannr@hostgator.com,Female,59.192.201.78
857,Sal,Moogan,smooganns@ebay.com,Bigender,131.195.112.173
858,Donica,Balharry,dbalharrynt@nhs.uk,Female,147.6.89.19
859,Frans,Schneidar,fschneidarnu@wp.com,Male,189.128.174.76
860,Darin,Birkmyr,dbirkmyrnv@narod.ru,Agender,65.9.10.92
861,Wanids,Beveredge,wbeveredgenw@networkadvertising.org,Bigender,67.93.34.150
862,Solomon,Bould,sbouldnx@wordpress.org,Male,187.146.58.17
863,Gusty,Loughman,gloughmanny@ibm.com,Female,24.222.144.125
864,Lenci,Furnival,lfurnivalnz@lycos.com,Male,178.100.226.129
865,Abba,Wison,awisono0@independent.co.uk,Male,80.87.173.236
866,Reiko,Don,rdono1@1und1.de,Female,172.196.240.25
867,Winnifred,Pauleit,wpauleito2@zimbio.com,Female,5.155.210.16
868,Hyacinthia,Loadwick,hloadwicko3@fda.gov,Female,185.219.89.77
869,Catriona,Balderston,cbalderstono4@studiopress.com,Female,56.2.48.248
870,Gayleen,Schermick,gschermicko5@twitter.com,Female,206.133.10.45
871,Arlen,Mougin,amougino6@time.com,Female,51.94.4.132
872,Cordie,Feehery,cfeeheryo7@lulu.com,Male,144.168.54.16
873,Dalli,Divine,ddivineo8@google.it,Male,99.154.233.217
874,Arlyn,Woloschinski,awoloschinskio9@t.co,Female,58.99.250.252
875,Krisha,Boch,kbochoa@house.gov,Male,36.163.208.141
876,Winfield,Pirouet,wpirouetob@nps.gov,Male,178.176.204.202
877,Orly,Rippin,orippinoc@prnewswire.com,Female,12.156.48.82
878,Johan,Lerhinan,jlerhinanod@friendfeed.com,Male,111.200.253.3
879,Courtnay,Dossettor,cdossettoroe@narod.ru,Female,208.227.25.240
880,Neile,Barlee,nbarleeof@yolasite.com,Female,155.83.40.42
881,Ricoriki,Idiens,ridiensog@kickstarter.com,Male,45.105.205.49
882,Filip,Quelch,fquelchoh@mayoclinic.com,Male,184.7.196.200
883,Jacquie,Bridgman,jbridgmanoi@weebly.com,Female,232.111.178.185
884,Ara,Creyke,acreykeoj@photobucket.com,Male,195.56.197.212
885,Tobey,Jursch,tjurschok@nytimes.com,Female,238.142.178.16
886,Currie,Duplock,cduplockol@slideshare.net,Male,61.230.249.250
887,Ado,Jeandin,ajeandinom@china.com.cn,Male,246.248.69.225
888,Shoshanna,Chatainier,schatainieron@moonfruit.com,Genderqueer,246.149.115.224
889,Kliment,Keelin,kkeelinoo@diigo.com,Male,94.138.224.195
890,Kelsi,Eisak,keisakop@who.int,Female,158.204.235.128
891,Billi,Kenneway,bkennewayoq@tripadvisor.com,Female,196.205.78.69
892,Druci,Postan,dpostanor@army.mil,Female,155.32.168.91
893,Zeb,Grindlay,zgrindlayos@moonfruit.com,Male,172.161.233.16
894,Lothario,Milland,lmillandot@moonfruit.com,Male,20.15.178.68
895,Vaughan,Fritschmann,vfritschmannou@prweb.com,Male,105.40.89.193
896,Liesa,Sorel,lsorelov@hp.com,Female,203.88.223.80
897,Haven,Bedson,hbedsonow@psu.edu,Male,119.190.67.66
898,Dulce,Bernadzki,dbernadzkiox@indiatimes.com,Non-binary,8.38.159.196
899,Melosa,Molnar,mmolnaroy@reference.com,Female,7.159.56.26
900,Sydney,Budik,sbudikoz@amazon.com,Female,144.77.60.165
901,Stu,Willoway,swillowayp0@mashable.com,Bigender,7.147.178.101
902,Carlyn,Goodrum,cgoodrump1@un.org,Agender,249.80.167.76
903,Simmonds,Guilloton,sguillotonp2@1und1.de,Male,131.213.127.74
904,Beau,Pinchon,bpinchonp3@rambler.ru,Male,31.72.204.91
905,Gerek,Greatham,ggreathamp4@census.gov,Male,196.98.82.25
906,Emma,Redmile,eredmilep5@wsj.com,Female,60.238.86.213
907,Quincey,Jeffers,qjeffersp6@altervista.org,Male,57.144.200.91
908,Dillon,Korb,dkorbp7@hao123.com,Male,49.2.46.212
909,Freeland,Ramiro,framirop8@php.net,Male,91.61.11.118
910,Gretchen,McIlveen,gmcilveenp9@amazonaws.com,Female,154.140.52.221
911,Isaiah,Haselgrove,ihaselgrovepa@google.es,Male,145.67.63.145
912,Herc,Bater,hbaterpb@samsung.com,Male,57.54.75.169
913,Orlando,Beahan,obeahanpc@wired.com,Genderfluid,195.129.171.147
914,Kissee,Colliber,kcolliberpd@icio.us,Female,129.30.236.215
915,Alberik,Charle,acharlepe@mac.com,Male,131.25.185.195
916,Merrel,Padly,mpadlypf@berkeley.edu,Male,129.89.120.16
917,Roderick,Platfoot,rplatfootpg@eepurl.com,Male,4.84.20.80
918,Timothee,Manuele,tmanueleph@intel.com,Male,31.174.208.168
919,Neale,Yurygyn,nyurygynpi@people.com.cn,Male,137.226.253.227
920,Niall,McFarlane,nmcfarlanepj@google.cn,Male,219.121.205.43
921,Ignacio,Bilsland,ibilslandpk@sphinn.com,Male,114.62.245.190
922,Lewes,Craggs,lcraggspl@w3.org,Male,208.232.89.20
923,Nicola,Gillie,ngilliepm@woothemes.com,Female,186.21.56.128
924,Gilly,Screaton,gscreatonpn@infoseek.co.jp,Genderqueer,113.1.73.242
925,Alyssa,Kilborn,akilbornpo@arstechnica.com,Female,34.130.151.200
926,Krysta,MacKnockiter,kmacknockiterpp@rambler.ru,Female,204.183.241.49
927,Johan,Ollin,jollinpq@multiply.com,Non-binary,202.88.6.192
928,Kalie,Ackermann,kackermannpr@yellowpages.com,Female,111.67.113.232
929,Camella,Capitano,ccapitanops@infoseek.co.jp,Female,125.91.102.234
930,Frasier,Burnip,fburnippt@domainmarket.com,Genderqueer,234.15.58.208
931,Malchy,Ledgeway,mledgewaypu@creativecommons.org,Male,36.82.86.132
932,Tiena,Thain,tthainpv@boston.com,Female,164.223.140.133
933,Jocko,Etteridge,jetteridgepw@icq.com,Male,99.176.20.253
934,Shayne,Biggadike,sbiggadikepx@networkadvertising.org,Male,180.59.66.91
935,Tillie,Martelet,tmarteletpy@last.fm,Female,32.7.238.74
936,Holly,Bairnsfather,hbairnsfatherpz@ezinearticles.com,Female,108.16.24.146
937,Alejandra,Curnick,acurnickq0@salon.com,Female,141.191.167.6
938,Raffaello,Bremner,rbremnerq1@wiley.com,Male,237.108.170.248
939,Moyna,Cicero,mciceroq2@marketwatch.com,Female,156.100.143.9
940,Janie,MacDiarmond,jmacdiarmondq3@nyu.edu,Female,150.177.193.40
941,Isaiah,Clem,iclemq4@unblog.fr,Male,174.42.124.107
942,Amalea,Jealous,ajealousq5@state.gov,Female,22.223.61.36
943,Bryanty,Parratt,bparrattq6@census.gov,Male,202.234.203.55
944,Joey,Gideon,jgideonq7@nhs.uk,Male,197.110.86.22
945,Mina,Stearn,mstearnq8@chicagotribune.com,Female,5.159.56.75
946,Milzie,Churchward,mchurchwardq9@storify.com,Female,203.22.165.152
947,Gilbertina,Damiral,gdamiralqa@google.fr,Female,159.207.56.123
948,Thorn,Golborn,tgolbornqb@oaic.gov.au,Male,218.71.123.41
949,Carolynn,Terrelly,cterrellyqc@slashdot.org,Female,106.87.69.37
950,Bianka,Fuentez,bfuentezqd@ovh.net,Non-binary,183.201.29.249
951,Elset,MacGibbon,emacgibbonqe@zdnet.com,Female,145.161.156.192
952,Leticia,Dover,ldoverqf@creativecommons.org,Female,245.36.246.77
953,Neda,Rue,nrueqg@google.de,Female,72.250.32.90
954,Jemie,Dall,jdallqh@home.pl,Female,66.48.188.180
955,Clement,Flade,cfladeqi@hatena.ne.jp,Male,216.220.9.237
956,Sadye,Minichillo,sminichilloqj@altervista.org,Female,243.64.61.115
957,Annissa,Duligal,aduligalqk@nbcnews.com,Female,113.97.222.211
958,Tamqrah,Clarke-Williams,tclarkewilliamsql@multiply.com,Genderfluid,195.135.142.59
959,Cathryn,Candlish,ccandlishqm@friendfeed.com,Agender,115.19.14.32
960,Morry,Will,mwillqn@amazon.com,Male,105.181.45.196
961,Barbabra,Alben,balbenqo@sohu.com,Female,19.106.165.238
962,Chrotoem,Finlan,cfinlanqp@hud.gov,Male,86.90.148.217
963,Kalvin,Antoniottii,kantoniottiiqq@hhs.gov,Male,225.22.80.119
964,Hermina,Pontin,hpontinqr@ucsd.edu,Non-binary,122.195.44.228
965,Tyson,MacCarter,tmaccarterqs@gizmodo.com,Male,203.68.53.182
966,Koo,Killingbeck,kkillingbeckqt@1688.com,Genderqueer,216.160.202.212
967,Farly,Fagence,ffagencequ@phpbb.com,Male,38.0.132.96
968,Ebba,Cheley,echeleyqv@time.com,Polygender,35.25.214.75
969,Mandy,Skokoe,mskokoeqw@gmpg.org,Genderqueer,194.140.166.190
970,Jacquelynn,Lillee,jlilleeqx@bluehost.com,Female,3.173.218.49
971,Kennett,Wickersley,kwickersleyqy@mac.com,Male,216.56.250.184
972,Nikaniki,Lile,nlileqz@huffingtonpost.com,Female,65.85.109.77
973,Ashlie,McCrisken,amccriskenr0@sfgate.com,Female,84.33.55.92
974,Chickie,Ingleston,cinglestonr1@google.com.br,Male,236.109.249.122
975,Fredric,Gallimore,fgallimorer2@wikispaces.com,Bigender,180.56.231.59
976,Dehlia,Plaistowe,dplaistower3@joomla.org,Female,17.51.120.229
977,Cobby,Hendin,chendinr4@mapy.cz,Polygender,45.176.46.57
978,Dana,Connett,dconnettr5@cbsnews.com,Male,76.50.7.70
979,Irene,Fern,ifernr6@cnn.com,Female,150.36.104.242
980,Pamella,MacClancey,pmacclanceyr7@plala.or.jp,Female,115.141.85.104
981,Winfield,Paybody,wpaybodyr8@ucoz.ru,Male,71.126.231.136
982,Putnam,Cutchee,pcutcheer9@i2i.jp,Male,65.147.88.85
983,Roselia,Clemas,rclemasra@scribd.com,Female,221.26.71.223
984,Walliw,Stannah,wstannahrb@squarespace.com,Female,199.162.219.74
985,Inigo,Blase,iblaserc@slate.com,Male,147.242.83.85
986,Ingrim,Clutterham,iclutterhamrd@google.ru,Male,126.58.130.118
987,Lurleen,Caldroni,lcaldronire@vistaprint.com,Female,220.160.0.114
988,Perry,Sanbroke,psanbrokerf@dagondesign.com,Female,30.195.59.76
989,Tilly,Manifield,tmanifieldrg@theglobeandmail.com,Female,161.11.182.30
990,Hobey,Bartaloni,hbartalonirh@blogger.com,Male,187.78.59.107
991,Jean,Manion,jmanionri@clickbank.net,Non-binary,93.65.88.23
992,Moselle,Reeken,mreekenrj@bloglovin.com,Female,183.27.7.27
993,Karoly,Boldra,kboldrark@geocities.jp,Male,202.15.100.38
994,Verene,Comi,vcomirl@fastcompany.com,Female,104.247.127.129
995,Si,Fitzroy,sfitzroyrm@weather.com,Male,84.251.181.202
996,Edgard,Syrett,esyrettrn@vkontakte.ru,Male,238.19.22.231
997,Dorise,Test,dtestro@china.com.cn,Female,228.101.51.203
998,Scott,Gimblet,sgimbletrp@meetup.com,Male,34.227.162.219
999,Packston,Frowen,pfrowenrq@meetup.com,Male,212.65.237.230
1000,Roxine,Tomaschke,rtomaschkerr@cdc.gov,Female,186.3.212.114
